{
  "value": {
    "D1_2010_mass": 2.01026,
    "D1_2010_width": 8.34e-05,
    "B->D1_2010.DsD1_2010->D.Pi_total_0r": 2.3824192300500755,
    "B->D1_2010.DsD1_2010->D.Pi_total_0i": 3.0686053905546893,
    "B->D1_2010.Ds_g_ls_0r": 1.0,
    "B->D1_2010.Ds_g_ls_0i": 0.0,
    "D1_2010->D.Pi_g_ls_0r": 1.0,
    "D1_2010->D.Pi_g_ls_0i": 0.0,
    "D2_2460_mass": 2.4611,
    "D2_2460_width": 0.0473,
    "D1_2600_mass": 2.627,
    "D1_2600_width": 0.141,
    "D1_2007_mass": 2.00685,
    "D1_2007_width": 0.0001,
    "DPi_S_point_0r": 0.025235101000149668,
    "DPi_S_point_0i": -1.7351579268388566,
    "DPi_S_point_1r": 0.567722983365226,
    "DPi_S_point_1i": -1.3860271194285592,
    "DPi_S_point_2r": 0.8906237166179922,
    "DPi_S_point_2i": -0.9470649433213484,
    "DPi_S_point_3r": 1.0566721291660692,
    "DPi_S_point_3i": -0.6591254699941851,
    "DPi_S_point_4r": 1.0,
    "DPi_S_point_4i": 0.0,
    "DPi_S_point_5r": 0.5321759530989049,
    "DPi_S_point_5i": 0.2938967360507145,
    "DPi_S_point_6r": 0.45861179273647323,
    "DPi_S_point_6i": 0.3246998928318995,
    "DPi_S_point_7r": 0.13492785218655,
    "DPi_S_point_7i": 0.5039594976564422,
    "DPi_S_point_8r": -0.01821207432992177,
    "DPi_S_point_8i": 0.3797317158391425,
    "DPi_S_point_9r": -0.16232365892723777,
    "DPi_S_point_9i": 0.1923629364023606,
    "DPi_S_point_10r": 0.0401392372923756,
    "DPi_S_point_10i": 0.2552673742544119,
    "B->D2_2460.DsD2_2460->D.Pi_total_0r": 1.0,
    "B->D2_2460.DsD2_2460->D.Pi_total_0i": 0.0,
    "B->D2_2460.Ds_g_ls_0r": 1.0,
    "B->D2_2460.Ds_g_ls_0i": 0.0,
    "D2_2460->D.Pi_g_ls_0r": 1.0,
    "D2_2460->D.Pi_g_ls_0i": 0.0,
    "B->D1_2600.DsD1_2600->D.Pi_total_0r": 0.3583615665832913,
    "B->D1_2600.DsD1_2600->D.Pi_total_0i": 0.3186826444738248,
    "B->D1_2600.Ds_g_ls_0r": 1.0,
    "B->D1_2600.Ds_g_ls_0i": 0.0,
    "D1_2600->D.Pi_g_ls_0r": 1.0,
    "D1_2600->D.Pi_g_ls_0i": 0.0,
    "B->D1_2007.DsD1_2007->D.Pi_total_0r": 2.3824192300500755,
    "B->D1_2007.DsD1_2007->D.Pi_total_0i": 3.0686053905546893,
    "B->D1_2007.Ds_g_ls_0r": 1.0,
    "B->D1_2007.Ds_g_ls_0i": 0.0,
    "D1_2007->D.Pi_g_ls_0r": 1.0,
    "D1_2007->D.Pi_g_ls_0i": 0.0,
    "B->DPi_S.DsDPi_S->D.Pi_total_0r": 1.0839317060867066,
    "B->DPi_S.DsDPi_S->D.Pi_total_0i": -1.1109851958731785,
    "B->DPi_S.Ds_g_ls_0r": 1.0,
    "B->DPi_S.Ds_g_ls_0i": 0.0,
    "DPi_S->D.Pi_g_ls_0r": 1.0,
    "DPi_S->D.Pi_g_ls_0i": 0.0
  },
  "error": {
    "B->D1_2010.DsD1_2010->D.Pi_total_0r": 0.11054455746824006,
    "B->D1_2010.DsD1_2010->D.Pi_total_0i": 0.04952939018544846,
    "DPi_S_point_0r": 0.2605550334069022,
    "DPi_S_point_0i": 0.23139376943681808,
    "DPi_S_point_1r": 0.09954626138580136,
    "DPi_S_point_1i": 0.07481197917365716,
    "DPi_S_point_2r": 0.07228943450801482,
    "DPi_S_point_2i": 0.07158086340770801,
    "DPi_S_point_3r": 0.059483661955368604,
    "DPi_S_point_3i": 0.06975354914332436,
    "DPi_S_point_5r": 0.0343810308561315,
    "DPi_S_point_5i": 0.04401145522578816,
    "DPi_S_point_6r": 0.03338677962340196,
    "DPi_S_point_6i": 0.03348865070811644,
    "DPi_S_point_7r": 0.047955025260362195,
    "DPi_S_point_7i": 0.027537633947978205,
    "DPi_S_point_8r": 0.04824422783348519,
    "DPi_S_point_8i": 0.019595030191093987,
    "DPi_S_point_9r": 0.0354172954741273,
    "DPi_S_point_9i": 0.0240673558015553,
    "DPi_S_point_10r": 0.07359405844405152,
    "DPi_S_point_10i": 0.023875016760250767,
    "B->D1_2600.DsD1_2600->D.Pi_total_0r": 0.01839930361972652,
    "B->D1_2600.DsD1_2600->D.Pi_total_0i": 0.05854617902420301,
    "B->DPi_S.DsDPi_S->D.Pi_total_0r": 0.03587625749192386,
    "B->DPi_S.DsDPi_S->D.Pi_total_0i": 0.04147029845396044
  },
  "status": {
    "success": true,
    "NLL": -6195.48532568372,
    "Ndf": 26
  }
}