{
  "value": {
    "D1_2010_mass": 2.01026,
    "D1_2010_width": 8.34e-05,
    "B->D1_2010.DsD1_2010->D.Pi_total_0r": 2.293864056441685,
    "B->D1_2010.DsD1_2010->D.Pi_total_0i": 3.0351707845069202,
    "B->D1_2010.Ds_g_ls_0r": 1.0,
    "B->D1_2010.Ds_g_ls_0i": 0.0,
    "D1_2010->D.Pi_g_ls_0r": 1.0,
    "D1_2010->D.Pi_g_ls_0i": 0.0,
    "D2_2460_mass": 2.4611,
    "D2_2460_width": 0.0473,
    "D1_2600_mass": 2.627,
    "D1_2600_width": 0.141,
    "D1_2007_mass": 2.00685,
    "D1_2007_width": 0.0001,
    "DPi_S_point_0r": -0.11089356301663236,
    "DPi_S_point_0i": -1.5852989139417792,
    "DPi_S_point_1r": 0.4597526537279595,
    "DPi_S_point_1i": -1.3506208257684322,
    "DPi_S_point_2r": 0.8626636154806399,
    "DPi_S_point_2i": -0.9343910773367249,
    "DPi_S_point_3r": 1.0416589340896634,
    "DPi_S_point_3i": -0.6693087288565299,
    "DPi_S_point_4r": 1.0,
    "DPi_S_point_4i": 0.0,
    "DPi_S_point_5r": 0.5366771381500336,
    "DPi_S_point_5i": 0.2888266098248958,
    "DPi_S_point_6r": 0.4736136275699915,
    "DPi_S_point_6i": 0.33124849192059047,
    "DPi_S_point_7r": 0.12343193000162873,
    "DPi_S_point_7i": 0.5081351794388688,
    "DPi_S_point_8r": -0.0015384871711546207,
    "DPi_S_point_8i": 0.4108036764033425,
    "DPi_S_point_9r": -0.17361597219597913,
    "DPi_S_point_9i": 0.22366012272417832,
    "DPi_S_point_10r": 0.022851808576227314,
    "DPi_S_point_10i": 0.2609153549953359,
    "B->D2_2460.DsD2_2460->D.Pi_total_0r": 1.0,
    "B->D2_2460.DsD2_2460->D.Pi_total_0i": 0.0,
    "B->D2_2460.Ds_g_ls_0r": 1.0,
    "B->D2_2460.Ds_g_ls_0i": 0.0,
    "D2_2460->D.Pi_g_ls_0r": 1.0,
    "D2_2460->D.Pi_g_ls_0i": 0.0,
    "B->D1_2600.DsD1_2600->D.Pi_total_0r": 0.36927052723886816,
    "B->D1_2600.DsD1_2600->D.Pi_total_0i": 0.2790021773325112,
    "B->D1_2600.Ds_g_ls_0r": 1.0,
    "B->D1_2600.Ds_g_ls_0i": 0.0,
    "D1_2600->D.Pi_g_ls_0r": 1.0,
    "D1_2600->D.Pi_g_ls_0i": 0.0,
    "B->D1_2007.DsD1_2007->D.Pi_total_0r": 2.293864056441685,
    "B->D1_2007.DsD1_2007->D.Pi_total_0i": 3.0351707845069202,
    "B->D1_2007.Ds_g_ls_0r": 1.0,
    "B->D1_2007.Ds_g_ls_0i": 0.0,
    "D1_2007->D.Pi_g_ls_0r": 1.0,
    "D1_2007->D.Pi_g_ls_0i": 0.0,
    "B->DPi_S.DsDPi_S->D.Pi_total_0r": 1.09754652320308,
    "B->DPi_S.DsDPi_S->D.Pi_total_0i": -1.1247908011394,
    "B->DPi_S.Ds_g_ls_0r": 1.0,
    "B->DPi_S.Ds_g_ls_0i": 0.0,
    "DPi_S->D.Pi_g_ls_0r": 1.0,
    "DPi_S->D.Pi_g_ls_0i": 0.0
  },
  "error": {
    "B->D1_2010.DsD1_2010->D.Pi_total_0r": 0.0978703789607929,
    "B->D1_2010.DsD1_2010->D.Pi_total_0i": 0.03978462364739904,
    "DPi_S_point_0r": 0.2601134269078994,
    "DPi_S_point_0i": 0.22742575381477867,
    "DPi_S_point_1r": 0.09054615994737772,
    "DPi_S_point_1i": 0.06807188170948024,
    "DPi_S_point_2r": 0.067878172396377,
    "DPi_S_point_2i": 0.0652959135548352,
    "DPi_S_point_3r": 0.0539764300398826,
    "DPi_S_point_3i": 0.06300535929145512,
    "DPi_S_point_5r": 0.028044542500035352,
    "DPi_S_point_5i": 0.037144666129445746,
    "DPi_S_point_6r": 0.030795275879494825,
    "DPi_S_point_6i": 0.028439338685499232,
    "DPi_S_point_7r": 0.040583905663053095,
    "DPi_S_point_7i": 0.023840731248590086,
    "DPi_S_point_8r": 0.04594487767178877,
    "DPi_S_point_8i": 0.01795792303219223,
    "DPi_S_point_9r": 0.032415870552857225,
    "DPi_S_point_9i": 0.02244503588896679,
    "DPi_S_point_10r": 0.05713353085694885,
    "DPi_S_point_10i": 0.017746406952130266,
    "B->D1_2600.DsD1_2600->D.Pi_total_0r": 0.016631314835602304,
    "B->D1_2600.DsD1_2600->D.Pi_total_0i": 0.04722092709519073,
    "B->DPi_S.DsDPi_S->D.Pi_total_0r": 0.029736931961803447,
    "B->DPi_S.DsDPi_S->D.Pi_total_0i": 0.03283813743885415
  },
  "status": {
    "success": true,
    "NLL": -5644.694640528193,
    "Ndf": 26
  }
}