{
  "value": {
    "D1_2010_mass": 2.01026,
    "D1_2010_width": 8.34e-05,
    "B->D1_2010.DsD1_2010->D.Pi_total_0r": 2.689391865616644,
    "B->D1_2010.DsD1_2010->D.Pi_total_0i": 3.0048519324809457,
    "B->D1_2010.Ds_g_ls_0r": 1.0,
    "B->D1_2010.Ds_g_ls_0i": 0.0,
    "D1_2010->D.Pi_g_ls_0r": 1.0,
    "D1_2010->D.Pi_g_ls_0i": 0.0,
    "D2_2460_mass": 2.4611,
    "D2_2460_width": 0.0473,
    "D1_2600_mass": 2.627,
    "D1_2600_width": 0.141,
    "D1_2007_mass": 2.00685,
    "D1_2007_width": 0.0001,
    "Z0_mass": 2.940008522304044,
    "Z0_width": 0.13328681927235833,
    "DPi_S_point_0r": -0.12194372956858024,
    "DPi_S_point_0i": -1.578370240630279,
    "DPi_S_point_1r": 0.3109999280640871,
    "DPi_S_point_1i": -1.3509057936352966,
    "DPi_S_point_2r": 0.7585742409621546,
    "DPi_S_point_2i": -0.9411446734329623,
    "DPi_S_point_3r": 1.0015766096822172,
    "DPi_S_point_3i": -0.6227731170328299,
    "DPi_S_point_4r": 1.0,
    "DPi_S_point_4i": 0.0,
    "DPi_S_point_5r": 0.5084024005974307,
    "DPi_S_point_5i": 0.2605091965603619,
    "DPi_S_point_6r": 0.41104268020120516,
    "DPi_S_point_6i": 0.26454840613291153,
    "DPi_S_point_7r": 0.09327675368831048,
    "DPi_S_point_7i": 0.4266794809772033,
    "DPi_S_point_8r": -0.031388618840302446,
    "DPi_S_point_8i": 0.3021773007235012,
    "DPi_S_point_9r": -0.16051298720362414,
    "DPi_S_point_9i": 0.0688375876211578,
    "DPi_S_point_10r": -0.049320427274153054,
    "DPi_S_point_10i": 0.12595353835747983,
    "B->D2_2460.DsD2_2460->D.Pi_total_0r": 1.0,
    "B->D2_2460.DsD2_2460->D.Pi_total_0i": 0.0,
    "B->D2_2460.Ds_g_ls_0r": 1.0,
    "B->D2_2460.Ds_g_ls_0i": 0.0,
    "D2_2460->D.Pi_g_ls_0r": 1.0,
    "D2_2460->D.Pi_g_ls_0i": 0.0,
    "B->D1_2600.DsD1_2600->D.Pi_total_0r": 0.3683223146622808,
    "B->D1_2600.DsD1_2600->D.Pi_total_0i": 0.23179212058609605,
    "B->D1_2600.Ds_g_ls_0r": 1.0,
    "B->D1_2600.Ds_g_ls_0i": 0.0,
    "D1_2600->D.Pi_g_ls_0r": 1.0,
    "D1_2600->D.Pi_g_ls_0i": 0.0,
    "B->D1_2007.DsD1_2007->D.Pi_total_0r": 2.689391865616644,
    "B->D1_2007.DsD1_2007->D.Pi_total_0i": 3.0048519324809457,
    "B->D1_2007.Ds_g_ls_0r": 1.0,
    "B->D1_2007.Ds_g_ls_0i": 0.0,
    "D1_2007->D.Pi_g_ls_0r": 1.0,
    "D1_2007->D.Pi_g_ls_0i": 0.0,
    "B->Z0.DZ0->Ds.Pi_total_0r": -0.12024044281525945,
    "B->Z0.DZ0->Ds.Pi_total_0i": 2.736390880543188,
    "B->Z0.D_g_ls_0r": 1.0,
    "B->Z0.D_g_ls_0i": 0.0,
    "Z0->Ds.Pi_g_ls_0r": 1.0,
    "Z0->Ds.Pi_g_ls_0i": 0.0,
    "B->DPi_S.DsDPi_S->D.Pi_total_0r": 1.1873594559141507,
    "B->DPi_S.DsDPi_S->D.Pi_total_0i": -1.0688849560995064,
    "B->DPi_S.Ds_g_ls_0r": 1.0,
    "B->DPi_S.Ds_g_ls_0i": 0.0,
    "DPi_S->D.Pi_g_ls_0r": 1.0,
    "DPi_S->D.Pi_g_ls_0i": 0.0
  },
  "error": {
    "B->D1_2010.DsD1_2010->D.Pi_total_0r": 0.11477108628616178,
    "B->D1_2010.DsD1_2010->D.Pi_total_0i": 0.056303342849908955,
    "DPi_S_point_0r": 0.24051756796843132,
    "DPi_S_point_0i": 0.20933314654096935,
    "DPi_S_point_1r": 0.101183692683763,
    "DPi_S_point_1i": 0.0672718090636615,
    "DPi_S_point_2r": 0.06897072273741914,
    "DPi_S_point_2i": 0.06564367389926644,
    "DPi_S_point_3r": 0.052478579791464385,
    "DPi_S_point_3i": 0.06971919690028693,
    "DPi_S_point_5r": 0.033181674485894215,
    "DPi_S_point_5i": 0.041489505953070153,
    "DPi_S_point_6r": 0.03444972874893678,
    "DPi_S_point_6i": 0.029761881802821535,
    "DPi_S_point_7r": 0.04751014726458882,
    "DPi_S_point_7i": 0.026521470538421604,
    "DPi_S_point_8r": 0.04100249207982195,
    "DPi_S_point_8i": 0.024359871754829832,
    "DPi_S_point_9r": 0.024903688168325628,
    "DPi_S_point_9i": 0.03459876132892048,
    "DPi_S_point_10r": 0.05194531899779128,
    "DPi_S_point_10i": 0.03966052719357158,
    "B->D1_2600.DsD1_2600->D.Pi_total_0r": 0.02388091958672825,
    "B->D1_2600.DsD1_2600->D.Pi_total_0i": 0.07124437612002975,
    "B->Z0.DZ0->Ds.Pi_total_0r": 0.02824585289775828,
    "B->Z0.DZ0->Ds.Pi_total_0i": 0.2129504911401253,
    "B->DPi_S.DsDPi_S->D.Pi_total_0r": 0.04065027203819784,
    "B->DPi_S.DsDPi_S->D.Pi_total_0i": 0.04246715641168544,
    "Z0_mass": 0.013258267482290927,
    "Z0_width": 0.02849271564730071
  },
  "status": {
    "success": true,
    "NLL": -6260.795249989678,
    "Ndf": 30
  }
}