{
  "value": {
    "D1_2010_mass": 2.01026,
    "D1_2010_width": 8.34e-05,
    "B->D1_2010.DsD1_2010->D.Pi_total_0r": 2.451092912822214,
    "B->D1_2010.DsD1_2010->D.Pi_total_0i": -2.977326438451744,
    "B->D1_2010.Ds_g_ls_0r": 1.0,
    "B->D1_2010.Ds_g_ls_0i": 0.0,
    "D1_2010->D.Pi_g_ls_0r": 1.0,
    "D1_2010->D.Pi_g_ls_0i": 0.0,
    "D2_2460_mass": 2.4611,
    "D2_2460_width": 0.0473,
    "D1_2600_mass": 2.627,
    "D1_2600_width": 0.141,
    "D1_2007_mass": 2.00685,
    "D1_2007_width": 0.0001,
    "Z1_mass": 2.881846094653522,
    "Z1_width": 0.1932701884005226,
    "DPi_S_point_0r": 0.3460647101606996,
    "DPi_S_point_0i": -1.6452910002954877,
    "DPi_S_point_1r": 0.6947609822659364,
    "DPi_S_point_1i": -1.403719194019957,
    "DPi_S_point_2r": 0.7968354374858183,
    "DPi_S_point_2i": -1.0174662776365555,
    "DPi_S_point_3r": 1.05273707149468,
    "DPi_S_point_3i": -0.7010694899493303,
    "DPi_S_point_4r": 1.0,
    "DPi_S_point_4i": 0.0,
    "DPi_S_point_5r": 0.6001265672212817,
    "DPi_S_point_5i": 0.19489441021208237,
    "DPi_S_point_6r": 0.5357529636401693,
    "DPi_S_point_6i": 0.3116107410817501,
    "DPi_S_point_7r": 0.22627997096873395,
    "DPi_S_point_7i": 0.5166541636743193,
    "DPi_S_point_8r": 0.0938483794130543,
    "DPi_S_point_8i": 0.4694106036857701,
    "DPi_S_point_9r": -0.25820974216917486,
    "DPi_S_point_9i": 0.12276490304384674,
    "DPi_S_point_10r": -0.07388773567548297,
    "DPi_S_point_10i": -0.09057565024992698,
    "B->D2_2460.DsD2_2460->D.Pi_total_0r": 1.0,
    "B->D2_2460.DsD2_2460->D.Pi_total_0i": 0.0,
    "B->D2_2460.Ds_g_ls_0r": 1.0,
    "B->D2_2460.Ds_g_ls_0i": 0.0,
    "D2_2460->D.Pi_g_ls_0r": 1.0,
    "D2_2460->D.Pi_g_ls_0i": 0.0,
    "B->D1_2600.DsD1_2600->D.Pi_total_0r": 0.3335452928284656,
    "B->D1_2600.DsD1_2600->D.Pi_total_0i": 0.3991965575358044,
    "B->D1_2600.Ds_g_ls_0r": 1.0,
    "B->D1_2600.Ds_g_ls_0i": 0.0,
    "D1_2600->D.Pi_g_ls_0r": 1.0,
    "D1_2600->D.Pi_g_ls_0i": 0.0,
    "B->D1_2007.DsD1_2007->D.Pi_total_0r": 2.451092912822214,
    "B->D1_2007.DsD1_2007->D.Pi_total_0i": -2.977326438451744,
    "B->D1_2007.Ds_g_ls_0r": 1.0,
    "B->D1_2007.Ds_g_ls_0i": 0.0,
    "D1_2007->D.Pi_g_ls_0r": 1.0,
    "D1_2007->D.Pi_g_ls_0i": 0.0,
    "B->Z1.DZ1->Ds.Pi_total_0r": 0.32961040343193,
    "B->Z1.DZ1->Ds.Pi_total_0i": 0.4831191386810927,
    "B->Z1.D_g_ls_0r": 1.0,
    "B->Z1.D_g_ls_0i": 0.0,
    "Z1->Ds.Pi_g_ls_0r": 1.0,
    "Z1->Ds.Pi_g_ls_0i": 0.0,
    "B->DPi_S.DsDPi_S->D.Pi_total_0r": 0.9916710160100463,
    "B->DPi_S.DsDPi_S->D.Pi_total_0i": -1.0658992535712892,
    "B->DPi_S.Ds_g_ls_0r": 1.0,
    "B->DPi_S.Ds_g_ls_0i": 0.0,
    "DPi_S->D.Pi_g_ls_0r": 1.0,
    "DPi_S->D.Pi_g_ls_0i": 0.0
  },
  "error": {
    "B->D1_2010.DsD1_2010->D.Pi_total_0r": 0.11050163257583168,
    "B->D1_2010.DsD1_2010->D.Pi_total_0i": 0.06145809093445298,
    "DPi_S_point_0r": 0.29818997349067566,
    "DPi_S_point_0i": 0.27608975120230456,
    "DPi_S_point_1r": 0.12362526375016318,
    "DPi_S_point_1i": 0.09012499051947588,
    "DPi_S_point_2r": 0.08509683393745159,
    "DPi_S_point_2i": 0.07129619003461443,
    "DPi_S_point_3r": 0.06535994394576322,
    "DPi_S_point_3i": 0.07042014973750715,
    "DPi_S_point_5r": 0.036764485291371815,
    "DPi_S_point_5i": 0.052484685887945595,
    "DPi_S_point_6r": 0.03601282812154518,
    "DPi_S_point_6i": 0.042574680478361576,
    "DPi_S_point_7r": 0.05364847116356036,
    "DPi_S_point_7i": 0.038421018387263174,
    "DPi_S_point_8r": 0.05599354403782111,
    "DPi_S_point_8i": 0.028185380452127467,
    "DPi_S_point_9r": 0.02771456957477444,
    "DPi_S_point_9i": 0.055021835936398825,
    "DPi_S_point_10r": 0.0515884451109293,
    "DPi_S_point_10i": 0.05299318285954388,
    "B->D1_2600.DsD1_2600->D.Pi_total_0r": 0.01875642259017111,
    "B->D1_2600.DsD1_2600->D.Pi_total_0i": 0.0661155403152626,
    "B->Z1.DZ1->Ds.Pi_total_0r": 0.0876073343901869,
    "B->Z1.DZ1->Ds.Pi_total_0i": 0.17351942014526325,
    "B->DPi_S.DsDPi_S->D.Pi_total_0r": 0.045206837765332644,
    "B->DPi_S.DsDPi_S->D.Pi_total_0i": 0.04568579948620218,
    "Z1_mass": 0.01332360324727047,
    "Z1_width": 0.04017449281368331
  },
  "status": {
    "success": true,
    "NLL": -5662.080567097532,
    "Ndf": 30
  }
}