{
  "value": {
    "D1_2010_mass": 2.01026,
    "D1_2010_width": 8.34e-05,
    "B->D1_2010.DsD1_2010->D.Pi_total_0r": 2.676021552371113,
    "B->D1_2010.DsD1_2010->D.Pi_total_0i": 3.0054224833862735,
    "B->D1_2010.Ds_g_ls_0r": 1.0,
    "B->D1_2010.Ds_g_ls_0i": 0.0,
    "D1_2010->D.Pi_g_ls_0r": 1.0,
    "D1_2010->D.Pi_g_ls_0i": 0.0,
    "D2_2460_mass": 2.4611,
    "D2_2460_width": 0.0473,
    "D1_2600_mass": 2.627,
    "D1_2600_width": 0.141,
    "D1_2007_mass": 2.00685,
    "D1_2007_width": 0.0001,
    "Z0_mass": 2.9398898908500177,
    "Z0_width": 0.1263267744207233,
    "DPi_S_point_0r": -0.10445303676789988,
    "DPi_S_point_0i": -1.5648147638495962,
    "DPi_S_point_1r": 0.32971576262486657,
    "DPi_S_point_1i": -1.3504145029840597,
    "DPi_S_point_2r": 0.7665226718896175,
    "DPi_S_point_2i": -0.9427859741170334,
    "DPi_S_point_3r": 1.0019078099111194,
    "DPi_S_point_3i": -0.6372549152840445,
    "DPi_S_point_4r": 1.0,
    "DPi_S_point_4i": 0.0,
    "DPi_S_point_5r": 0.5116971997625626,
    "DPi_S_point_5i": 0.2526319895357144,
    "DPi_S_point_6r": 0.42225764692300183,
    "DPi_S_point_6i": 0.2695450841250072,
    "DPi_S_point_7r": 0.07997306798856117,
    "DPi_S_point_7i": 0.44250432743233054,
    "DPi_S_point_8r": -0.05616868301828123,
    "DPi_S_point_8i": 0.3127389510492123,
    "DPi_S_point_9r": -0.17226934609203012,
    "DPi_S_point_9i": 0.08567835520744514,
    "DPi_S_point_10r": -0.058201397132344616,
    "DPi_S_point_10i": 0.14322465769291423,
    "B->D2_2460.DsD2_2460->D.Pi_total_0r": 1.0,
    "B->D2_2460.DsD2_2460->D.Pi_total_0i": 0.0,
    "B->D2_2460.Ds_g_ls_0r": 1.0,
    "B->D2_2460.Ds_g_ls_0i": 0.0,
    "D2_2460->D.Pi_g_ls_0r": 1.0,
    "D2_2460->D.Pi_g_ls_0i": 0.0,
    "B->D1_2600.DsD1_2600->D.Pi_total_0r": 0.38143521273436554,
    "B->D1_2600.DsD1_2600->D.Pi_total_0i": 0.2625106547058542,
    "B->D1_2600.Ds_g_ls_0r": 1.0,
    "B->D1_2600.Ds_g_ls_0i": 0.0,
    "D1_2600->D.Pi_g_ls_0r": 1.0,
    "D1_2600->D.Pi_g_ls_0i": 0.0,
    "B->D1_2007.DsD1_2007->D.Pi_total_0r": 2.676021552371113,
    "B->D1_2007.DsD1_2007->D.Pi_total_0i": 3.0054224833862735,
    "B->D1_2007.Ds_g_ls_0r": 1.0,
    "B->D1_2007.Ds_g_ls_0i": 0.0,
    "D1_2007->D.Pi_g_ls_0r": 1.0,
    "D1_2007->D.Pi_g_ls_0i": 0.0,
    "B->Z0.DZ0->Ds.Pi_total_0r": 0.10905108041840038,
    "B->Z0.DZ0->Ds.Pi_total_0i": -0.39191230195295834,
    "B->Z0.D_g_ls_0r": 1.0,
    "B->Z0.D_g_ls_0i": 0.0,
    "Z0->Ds.Pi_g_ls_0r": 1.0,
    "Z0->Ds.Pi_g_ls_0i": 0.0,
    "B->DPi_S.DsDPi_S->D.Pi_total_0r": 1.189756718054595,
    "B->DPi_S.DsDPi_S->D.Pi_total_0i": -1.0777540827042558,
    "B->DPi_S.Ds_g_ls_0r": 1.0,
    "B->DPi_S.Ds_g_ls_0i": 0.0,
    "DPi_S->D.Pi_g_ls_0r": 1.0,
    "DPi_S->D.Pi_g_ls_0i": 0.0
  },
  "error": {
    "B->D1_2010.DsD1_2010->D.Pi_total_0r": 0.11293512084781576,
    "B->D1_2010.DsD1_2010->D.Pi_total_0i": 0.052467152367265214,
    "DPi_S_point_0r": 0.2367351058794991,
    "DPi_S_point_0i": 0.20782747109614272,
    "DPi_S_point_1r": 0.09830359721545198,
    "DPi_S_point_1i": 0.06626330097545675,
    "DPi_S_point_2r": 0.06804276458277357,
    "DPi_S_point_2i": 0.06444847258238728,
    "DPi_S_point_3r": 0.052408868133369965,
    "DPi_S_point_3i": 0.06790089508062193,
    "DPi_S_point_5r": 0.03208149395757751,
    "DPi_S_point_5i": 0.040513791735077014,
    "DPi_S_point_6r": 0.033176592798665666,
    "DPi_S_point_6i": 0.029374182287734932,
    "DPi_S_point_7r": 0.04520596553103431,
    "DPi_S_point_7i": 0.025309698652886507,
    "DPi_S_point_8r": 0.03752257140952706,
    "DPi_S_point_8i": 0.024006316153269387,
    "DPi_S_point_9r": 0.02427816986978448,
    "DPi_S_point_9i": 0.0338251315449362,
    "DPi_S_point_10r": 0.05057315896832216,
    "DPi_S_point_10i": 0.03840549423658481,
    "B->D1_2600.DsD1_2600->D.Pi_total_0r": 0.02280889010656972,
    "B->D1_2600.DsD1_2600->D.Pi_total_0i": 0.06570833254090101,
    "B->Z0.DZ0->Ds.Pi_total_0r": 0.02505435761982916,
    "B->Z0.DZ0->Ds.Pi_total_0i": 0.2136550362819195,
    "B->DPi_S.DsDPi_S->D.Pi_total_0r": 0.03962639295734283,
    "B->DPi_S.DsDPi_S->D.Pi_total_0i": 0.041648472658473816,
    "Z0_mass": 0.013013026122185058,
    "Z0_width": 0.027082827777627053
  },
  "status": {
    "success": true,
    "NLL": -6260.472669358536,
    "Ndf": 30
  }
}
