{
  "value": {
    "D1_2010_mass": 2.01026,
    "D1_2010_width": 8.34e-05,
    "B->D1_2010.DsD1_2010->D.Pi_total_0r": 2.514289795261671,
    "B->D1_2010.DsD1_2010->D.Pi_total_0i": -2.9444318291902354,
    "B->D1_2010.Ds_g_ls_0r": 1.0,
    "B->D1_2010.Ds_g_ls_0i": 0.0,
    "D1_2010->D.Pi_g_ls_0r": 1.0,
    "D1_2010->D.Pi_g_ls_0i": 0.0,
    "D2_2460_mass": 2.4611,
    "D2_2460_width": 0.0473,
    "D1_2600_mass": 2.627,
    "D1_2600_width": 0.141,
    "D1_2007_mass": 2.00685,
    "D1_2007_width": 0.0001,
    "Z1_mass": 2.878224549686708,
    "Z1_width": 0.1835772522251519,
    "DPi_S_point_0r": 0.5245528367318995,
    "DPi_S_point_0i": -1.7436381382428088,
    "DPi_S_point_1r": 0.7222837429189345,
    "DPi_S_point_1i": -1.4863864355647376,
    "DPi_S_point_2r": 0.7340920197018099,
    "DPi_S_point_2i": -1.0816294251681906,
    "DPi_S_point_3r": 1.0436065852720469,
    "DPi_S_point_3i": -0.7229172932869803,
    "DPi_S_point_4r": 1.0,
    "DPi_S_point_4i": 0.0,
    "DPi_S_point_5r": 0.6037419940189618,
    "DPi_S_point_5i": 0.15172721624224972,
    "DPi_S_point_6r": 0.5219408652060616,
    "DPi_S_point_6i": 0.26944190987718497,
    "DPi_S_point_7r": 0.271826825165457,
    "DPi_S_point_7i": 0.4893395293334611,
    "DPi_S_point_8r": 0.033057252211164546,
    "DPi_S_point_8i": 0.46351349808210585,
    "DPi_S_point_9r": -0.2553067458299678,
    "DPi_S_point_9i": -0.02080434131957808,
    "DPi_S_point_10r": 0.023402404722475623,
    "DPi_S_point_10i": -0.13025516922251223,
    "B->D2_2460.DsD2_2460->D.Pi_total_0r": 1.0,
    "B->D2_2460.DsD2_2460->D.Pi_total_0i": 0.0,
    "B->D2_2460.Ds_g_ls_0r": 1.0,
    "B->D2_2460.Ds_g_ls_0i": 0.0,
    "D2_2460->D.Pi_g_ls_0r": 1.0,
    "D2_2460->D.Pi_g_ls_0i": 0.0,
    "B->D1_2600.DsD1_2600->D.Pi_total_0r": 0.3420599096581227,
    "B->D1_2600.DsD1_2600->D.Pi_total_0i": 0.42639098777773854,
    "B->D1_2600.Ds_g_ls_0r": 1.0,
    "B->D1_2600.Ds_g_ls_0i": 0.0,
    "D1_2600->D.Pi_g_ls_0r": 1.0,
    "D1_2600->D.Pi_g_ls_0i": 0.0,
    "B->D1_2007.DsD1_2007->D.Pi_total_0r": 2.514289795261671,
    "B->D1_2007.DsD1_2007->D.Pi_total_0i": -2.9444318291902354,
    "B->D1_2007.Ds_g_ls_0r": 1.0,
    "B->D1_2007.Ds_g_ls_0i": 0.0,
    "D1_2007->D.Pi_g_ls_0r": 1.0,
    "D1_2007->D.Pi_g_ls_0i": 0.0,
    "B->Z1.DZ1->Ds.Pi_total_0r": 0.3770934503008209,
    "B->Z1.DZ1->Ds.Pi_total_0i": 0.6740723559581129,
    "B->Z1.D_g_ls_0r": 1.0,
    "B->Z1.D_g_ls_0i": 0.0,
    "Z1->Ds.Pi_g_ls_0r": 1.0,
    "Z1->Ds.Pi_g_ls_0i": 0.0,
    "B->DPi_S.DsDPi_S->D.Pi_total_0r": 0.9882033744096049,
    "B->DPi_S.DsDPi_S->D.Pi_total_0i": -1.021291882119567,
    "B->DPi_S.Ds_g_ls_0r": 1.0,
    "B->DPi_S.Ds_g_ls_0i": 0.0,
    "DPi_S->D.Pi_g_ls_0r": 1.0,
    "DPi_S->D.Pi_g_ls_0i": 0.0
  },
  "error": {
    "B->D1_2010.DsD1_2010->D.Pi_total_0r": 0.11559824744382896,
    "B->D1_2010.DsD1_2010->D.Pi_total_0i": 0.06286333580262121,
    "DPi_S_point_0r": 0.3029669300134973,
    "DPi_S_point_0i": 0.27270358028687935,
    "DPi_S_point_1r": 0.14950799488685818,
    "DPi_S_point_1i": 0.09854458476702836,
    "DPi_S_point_2r": 0.10294077723074152,
    "DPi_S_point_2i": 0.07356459443753906,
    "DPi_S_point_3r": 0.06554645017112665,
    "DPi_S_point_3i": 0.07091764316778194,
    "DPi_S_point_5r": 0.037334380473592575,
    "DPi_S_point_5i": 0.05936012799996399,
    "DPi_S_point_6r": 0.03675324036450363,
    "DPi_S_point_6i": 0.04700647340375668,
    "DPi_S_point_7r": 0.07050276049454736,
    "DPi_S_point_7i": 0.05341976535432415,
    "DPi_S_point_8r": 0.05502371577704289,
    "DPi_S_point_8i": 0.030929536498520996,
    "DPi_S_point_9r": 0.02400662473915012,
    "DPi_S_point_9i": 0.10405382459931573,
    "DPi_S_point_10r": 0.098528096594584,
    "DPi_S_point_10i": 0.05340475645207272,
    "B->D1_2600.DsD1_2600->D.Pi_total_0r": 0.020662702447239594,
    "B->D1_2600.DsD1_2600->D.Pi_total_0i": 0.07309539254863974,
    "B->Z1.DZ1->Ds.Pi_total_0r": 0.09295766630748545,
    "B->Z1.DZ1->Ds.Pi_total_0i": 0.26433592417425944,
    "B->DPi_S.DsDPi_S->D.Pi_total_0r": 0.044793873758097034,
    "B->DPi_S.DsDPi_S->D.Pi_total_0i": 0.04887281658045301,
    "Z1_mass": 0.012767464212160642,
    "Z1_width": 0.02842709306034454
  },
  "status": {
    "success": true,
    "NLL": -6214.307726725923,
    "Ndf": 30
  }
}
