{
  "value": {
    "D1_2010_mass": 2.01026,
    "D1_2010_width": 8.34e-05,
    "B->D1_2010.DsD1_2010->D.Pi_total_0r": 2.3837456817713965,
    "B->D1_2010.DsD1_2010->D.Pi_total_0i": 3.0674232078091146,
    "B->D1_2010.Ds_g_ls_0r": 1.0,
    "B->D1_2010.Ds_g_ls_0i": 0.0,
    "D1_2010->D.Pi_g_ls_0r": 1.0,
    "D1_2010->D.Pi_g_ls_0i": 0.0,
    "D2_2460_mass": 2.4611,
    "D2_2460_width": 0.0473,
    "D1_2600_mass": 2.627,
    "D1_2600_width": 0.141,
    "D1_2007_mass": 2.00685,
    "D1_2007_width": 0.0001,
    "DPi_S_point_0r": 0.03358484720703087,
    "DPi_S_point_0i": -1.7127027564539024,
    "DPi_S_point_1r": 0.5713242863670324,
    "DPi_S_point_1i": -1.3819644875766006,
    "DPi_S_point_2r": 0.8886903439925583,
    "DPi_S_point_2i": -0.9500268116262354,
    "DPi_S_point_3r": 1.052796971157991,
    "DPi_S_point_3i": -0.6715065091703355,
    "DPi_S_point_4r": 1.0,
    "DPi_S_point_4i": 0.0,
    "DPi_S_point_5r": 0.5336294960618668,
    "DPi_S_point_5i": 0.283087758649406,
    "DPi_S_point_6r": 0.4640697468543655,
    "DPi_S_point_6i": 0.3245832336929411,
    "DPi_S_point_7r": 0.11920031364043392,
    "DPi_S_point_7i": 0.5133979925025309,
    "DPi_S_point_8r": -0.043353982660457153,
    "DPi_S_point_8i": 0.38580927331034504,
    "DPi_S_point_9r": -0.16869674549006525,
    "DPi_S_point_9i": 0.1998625095261975,
    "DPi_S_point_10r": 0.0253401181443315,
    "DPi_S_point_10i": 0.2652546697271033,
    "B->D2_2460.DsD2_2460->D.Pi_total_0r": 1.0,
    "B->D2_2460.DsD2_2460->D.Pi_total_0i": 0.0,
    "B->D2_2460.Ds_g_ls_0r": 1.0,
    "B->D2_2460.Ds_g_ls_0i": 0.0,
    "D2_2460->D.Pi_g_ls_0r": 1.0,
    "D2_2460->D.Pi_g_ls_0i": 0.0,
    "B->D1_2600.DsD1_2600->D.Pi_total_0r": 0.370890951183858,
    "B->D1_2600.DsD1_2600->D.Pi_total_0i": 0.33623218250903414,
    "B->D1_2600.Ds_g_ls_0r": 1.0,
    "B->D1_2600.Ds_g_ls_0i": 0.0,
    "D1_2600->D.Pi_g_ls_0r": 1.0,
    "D1_2600->D.Pi_g_ls_0i": 0.0,
    "B->D1_2007.DsD1_2007->D.Pi_total_0r": 2.3837456817713965,
    "B->D1_2007.DsD1_2007->D.Pi_total_0i": 3.0674232078091146,
    "B->D1_2007.Ds_g_ls_0r": 1.0,
    "B->D1_2007.Ds_g_ls_0i": 0.0,
    "D1_2007->D.Pi_g_ls_0r": 1.0,
    "D1_2007->D.Pi_g_ls_0i": 0.0,
    "B->DPi_S.DsDPi_S->D.Pi_total_0r": 1.0919742776227839,
    "B->DPi_S.DsDPi_S->D.Pi_total_0i": -1.11651853125857,
    "B->DPi_S.Ds_g_ls_0r": 1.0,
    "B->DPi_S.Ds_g_ls_0i": 0.0,
    "DPi_S->D.Pi_g_ls_0r": 1.0,
    "DPi_S->D.Pi_g_ls_0i": 0.0
  },
  "error": {
    "B->D1_2010.DsD1_2010->D.Pi_total_0r": 0.10926723478389244,
    "B->D1_2010.DsD1_2010->D.Pi_total_0i": 0.04741616508184136,
    "DPi_S_point_0r": 0.2562164624549781,
    "DPi_S_point_0i": 0.22889948563457516,
    "DPi_S_point_1r": 0.09750925527148033,
    "DPi_S_point_1i": 0.07348109820679115,
    "DPi_S_point_2r": 0.07135488515814667,
    "DPi_S_point_2i": 0.07000775966770102,
    "DPi_S_point_3r": 0.05888927135536438,
    "DPi_S_point_3i": 0.06801207528371439,
    "DPi_S_point_5r": 0.03331736063630622,
    "DPi_S_point_5i": 0.042875139724160995,
    "DPi_S_point_6r": 0.03234609573168105,
    "DPi_S_point_6i": 0.03281774397209166,
    "DPi_S_point_7r": 0.04631331484505388,
    "DPi_S_point_7i": 0.026080244632275235,
    "DPi_S_point_8r": 0.04460960425650925,
    "DPi_S_point_8i": 0.019576508450238072,
    "DPi_S_point_9r": 0.034592240097403304,
    "DPi_S_point_9i": 0.023639641600891628,
    "DPi_S_point_10r": 0.06811731681421125,
    "DPi_S_point_10i": 0.019893515258714314,
    "B->D1_2600.DsD1_2600->D.Pi_total_0r": 0.01787415540090365,
    "B->D1_2600.DsD1_2600->D.Pi_total_0i": 0.05546020441204144,
    "B->DPi_S.DsDPi_S->D.Pi_total_0r": 0.03548517107464566,
    "B->DPi_S.DsDPi_S->D.Pi_total_0i": 0.040845384453061025
  },
  "status": {
    "success": true,
    "NLL": -6197.4825213138665,
    "Ndf": 26
  }
}
