{
  "value": {
    "D1_2010_mass": 2.01026,
    "D1_2010_width": 8.34e-05,
    "B->D1_2010.DsD1_2010->D.Pi_total_0r": 2.5342665263249273,
    "B->D1_2010.DsD1_2010->D.Pi_total_0i": -2.935157937010661,
    "B->D1_2010.Ds_g_ls_0r": 1.0,
    "B->D1_2010.Ds_g_ls_0i": 0.0,
    "D1_2010->D.Pi_g_ls_0r": 1.0,
    "D1_2010->D.Pi_g_ls_0i": 0.0,
    "D2_2460_mass": 2.4611,
    "D2_2460_width": 0.0473,
    "D1_2600_mass": 2.627,
    "D1_2600_width": 0.141,
    "D1_2007_mass": 2.00685,
    "D1_2007_width": 0.0001,
    "Z1_mass": 2.879371030465782,
    "Z1_width": 0.17708387373945192,
    "DPi_S_point_0r": 0.5222216491944084,
    "DPi_S_point_0i": -1.767533772541657,
    "DPi_S_point_1r": 0.6607603719860571,
    "DPi_S_point_1i": -1.5168367978293182,
    "DPi_S_point_2r": 0.683048420819586,
    "DPi_S_point_2i": -1.0971824720782475,
    "DPi_S_point_3r": 1.0355997534709596,
    "DPi_S_point_3i": -0.7149938653825277,
    "DPi_S_point_4r": 1.0,
    "DPi_S_point_4i": 0.0,
    "DPi_S_point_5r": 0.6083300068292969,
    "DPi_S_point_5i": 0.13860294319602326,
    "DPi_S_point_6r": 0.5129402124911232,
    "DPi_S_point_6i": 0.25281313943890504,
    "DPi_S_point_7r": 0.3153498636890472,
    "DPi_S_point_7i": 0.4495411637393606,
    "DPi_S_point_8r": 0.046697195652419324,
    "DPi_S_point_8i": 0.46217747155493505,
    "DPi_S_point_9r": -0.2259403898826854,
    "DPi_S_point_9i": -0.08372578375273176,
    "DPi_S_point_10r": 0.10508210017497764,
    "DPi_S_point_10i": -0.09502691766380131,
    "B->D2_2460.DsD2_2460->D.Pi_total_0r": 1.0,
    "B->D2_2460.DsD2_2460->D.Pi_total_0i": 0.0,
    "B->D2_2460.Ds_g_ls_0r": 1.0,
    "B->D2_2460.Ds_g_ls_0i": 0.0,
    "D2_2460->D.Pi_g_ls_0r": 1.0,
    "D2_2460->D.Pi_g_ls_0i": 0.0,
    "B->D1_2600.DsD1_2600->D.Pi_total_0r": 0.32842175873940843,
    "B->D1_2600.DsD1_2600->D.Pi_total_0i": 0.39985676902387596,
    "B->D1_2600.Ds_g_ls_0r": 1.0,
    "B->D1_2600.Ds_g_ls_0i": 0.0,
    "D1_2600->D.Pi_g_ls_0r": 1.0,
    "D1_2600->D.Pi_g_ls_0i": 0.0,
    "B->D1_2007.DsD1_2007->D.Pi_total_0r": 2.5342665263249273,
    "B->D1_2007.DsD1_2007->D.Pi_total_0i": -2.935157937010661,
    "B->D1_2007.Ds_g_ls_0r": 1.0,
    "B->D1_2007.Ds_g_ls_0i": 0.0,
    "D1_2007->D.Pi_g_ls_0r": 1.0,
    "D1_2007->D.Pi_g_ls_0i": 0.0,
    "B->Z1.DZ1->Ds.Pi_total_0r": 0.41031724761653193,
    "B->Z1.DZ1->Ds.Pi_total_0i": 0.8110649866257647,
    "B->Z1.D_g_ls_0r": 1.0,
    "B->Z1.D_g_ls_0i": 0.0,
    "Z1->Ds.Pi_g_ls_0r": 1.0,
    "Z1->Ds.Pi_g_ls_0i": 0.0,
    "B->DPi_S.DsDPi_S->D.Pi_total_0r": 0.9813113081793996,
    "B->DPi_S.DsDPi_S->D.Pi_total_0i": -0.9968690424052912,
    "B->DPi_S.Ds_g_ls_0r": 1.0,
    "B->DPi_S.Ds_g_ls_0i": 0.0,
    "DPi_S->D.Pi_g_ls_0r": 1.0,
    "DPi_S->D.Pi_g_ls_0i": 0.0
  },
  "error": {
    "B->D1_2010.DsD1_2010->D.Pi_total_0r": 0.11277028928044891,
    "B->D1_2010.DsD1_2010->D.Pi_total_0i": 0.07036337240784311,
    "DPi_S_point_0r": 0.3205196965072197,
    "DPi_S_point_0i": 0.27466121500245716,
    "DPi_S_point_1r": 0.16998128135891993,
    "DPi_S_point_1i": 0.09482756802696644,
    "DPi_S_point_2r": 0.09664467537800103,
    "DPi_S_point_2i": 0.0703148019289056,
    "DPi_S_point_3r": 0.06577952051201894,
    "DPi_S_point_3i": 0.07219810632872757,
    "DPi_S_point_5r": 0.03850202161501648,
    "DPi_S_point_5i": 0.054661284285972105,
    "DPi_S_point_6r": 0.040097683234944,
    "DPi_S_point_6i": 0.04467882950054861,
    "DPi_S_point_7r": 0.05940980830633429,
    "DPi_S_point_7i": 0.052674314462562044,
    "DPi_S_point_8r": 0.06249945960383465,
    "DPi_S_point_8i": 0.027060340071113038,
    "DPi_S_point_9r": 0.03828507728899234,
    "DPi_S_point_9i": 0.07465152869811226,
    "DPi_S_point_10r": 0.07590909403842709,
    "DPi_S_point_10i": 0.06528424288268861,
    "B->D1_2600.DsD1_2600->D.Pi_total_0r": 0.022720875411516676,
    "B->D1_2600.DsD1_2600->D.Pi_total_0i": 0.07714476383406772,
    "B->Z1.DZ1->Ds.Pi_total_0r": 0.07127856414435832,
    "B->Z1.DZ1->Ds.Pi_total_0i": 0.2511851449596523,
    "B->DPi_S.DsDPi_S->D.Pi_total_0r": 0.049418937778802255,
    "B->DPi_S.DsDPi_S->D.Pi_total_0i": 0.047769171452155396,
    "Z1_mass": 0.012498812171022675,
    "Z1_width": 0.027661449758836696
  },
  "status": {
    "success": true,
    "NLL": -6214.988923814914,
    "Ndf": 30
  }
}