{
  "value": {
    "D1_2010_mass": 2.01026,
    "D1_2010_width": 8.34e-05,
    "B->D1_2010.DsD1_2010->D.Pi_total_0r": 2.623293791350253,
    "B->D1_2010.DsD1_2010->D.Pi_total_0i": 2.978657059886189,
    "B->D1_2010.Ds_g_ls_0r": 1.0,
    "B->D1_2010.Ds_g_ls_0i": 0.0,
    "D1_2010->D.Pi_g_ls_0r": 1.0,
    "D1_2010->D.Pi_g_ls_0i": 0.0,
    "D2_2460_mass": 2.4611,
    "D2_2460_width": 0.0473,
    "D1_2600_mass": 2.627,
    "D1_2600_width": 0.141,
    "D1_2007_mass": 2.00685,
    "D1_2007_width": 0.0001,
    "Z0_mass": 2.9467391531040827,
    "Z0_width": 0.12481477429490542,
    "DPi_S_point_0r": -0.19911794895263046,
    "DPi_S_point_0i": -1.4451615282649009,
    "DPi_S_point_1r": 0.27144830365932676,
    "DPi_S_point_1i": -1.302492201933774,
    "DPi_S_point_2r": 0.7721596130582159,
    "DPi_S_point_2i": -0.9127099539484802,
    "DPi_S_point_3r": 1.0140102804386304,
    "DPi_S_point_3i": -0.6160287456880522,
    "DPi_S_point_4r": 1.0,
    "DPi_S_point_4i": 0.0,
    "DPi_S_point_5r": 0.5150010591281244,
    "DPi_S_point_5i": 0.2593741341881862,
    "DPi_S_point_6r": 0.4420394491261874,
    "DPi_S_point_6i": 0.28973529495869915,
    "DPi_S_point_7r": 0.08335948312738514,
    "DPi_S_point_7i": 0.4503017178748642,
    "DPi_S_point_8r": -0.026338600157121892,
    "DPi_S_point_8i": 0.3513386087647376,
    "DPi_S_point_9r": -0.18745527471898138,
    "DPi_S_point_9i": 0.11386446981983736,
    "DPi_S_point_10r": -0.029849538450901172,
    "DPi_S_point_10i": 0.15933637066403225,
    "B->D2_2460.DsD2_2460->D.Pi_total_0r": 1.0,
    "B->D2_2460.DsD2_2460->D.Pi_total_0i": 0.0,
    "B->D2_2460.Ds_g_ls_0r": 1.0,
    "B->D2_2460.Ds_g_ls_0i": 0.0,
    "D2_2460->D.Pi_g_ls_0r": 1.0,
    "D2_2460->D.Pi_g_ls_0i": 0.0,
    "B->D1_2600.DsD1_2600->D.Pi_total_0r": 0.3799213044425662,
    "B->D1_2600.DsD1_2600->D.Pi_total_0i": 0.204625870950299,
    "B->D1_2600.Ds_g_ls_0r": 1.0,
    "B->D1_2600.Ds_g_ls_0i": 0.0,
    "D1_2600->D.Pi_g_ls_0r": 1.0,
    "D1_2600->D.Pi_g_ls_0i": 0.0,
    "B->D1_2007.DsD1_2007->D.Pi_total_0r": 2.623293791350253,
    "B->D1_2007.DsD1_2007->D.Pi_total_0i": 2.978657059886189,
    "B->D1_2007.Ds_g_ls_0r": 1.0,
    "B->D1_2007.Ds_g_ls_0i": 0.0,
    "D1_2007->D.Pi_g_ls_0r": 1.0,
    "D1_2007->D.Pi_g_ls_0i": 0.0,
    "B->Z0.DZ0->Ds.Pi_total_0r": 0.10351760698311308,
    "B->Z0.DZ0->Ds.Pi_total_0i": -0.2606718297888149,
    "B->Z0.D_g_ls_0r": 1.0,
    "B->Z0.D_g_ls_0i": 0.0,
    "Z0->Ds.Pi_g_ls_0r": 1.0,
    "Z0->Ds.Pi_g_ls_0i": 0.0,
    "B->DPi_S.DsDPi_S->D.Pi_total_0r": 1.1860976142917332,
    "B->DPi_S.DsDPi_S->D.Pi_total_0i": -1.1052441401988544,
    "B->DPi_S.Ds_g_ls_0r": 1.0,
    "B->DPi_S.Ds_g_ls_0i": 0.0,
    "DPi_S->D.Pi_g_ls_0r": 1.0,
    "DPi_S->D.Pi_g_ls_0i": 0.0
  },
  "error": {
    "B->D1_2010.DsD1_2010->D.Pi_total_0r": 0.10791765664355409,
    "B->D1_2010.DsD1_2010->D.Pi_total_0i": 0.04296949654946126,
    "DPi_S_point_0r": 0.2313210071426275,
    "DPi_S_point_0i": 0.21212912757278565,
    "DPi_S_point_1r": 0.08847422341291294,
    "DPi_S_point_1i": 0.06319564394090423,
    "DPi_S_point_2r": 0.06385212622409737,
    "DPi_S_point_2i": 0.062341338755761644,
    "DPi_S_point_3r": 0.04789028619539413,
    "DPi_S_point_3i": 0.06390791417745388,
    "DPi_S_point_5r": 0.026372780381295282,
    "DPi_S_point_5i": 0.035131692370689485,
    "DPi_S_point_6r": 0.031631341579667786,
    "DPi_S_point_6i": 0.02571887763227649,
    "DPi_S_point_7r": 0.039778025388501774,
    "DPi_S_point_7i": 0.022639876978670228,
    "DPi_S_point_8r": 0.03942990335466531,
    "DPi_S_point_8i": 0.0218515492652472,
    "DPi_S_point_9r": 0.022511829790305363,
    "DPi_S_point_9i": 0.031228150769437357,
    "DPi_S_point_10r": 0.04630214426238513,
    "DPi_S_point_10i": 0.02896873744575281,
    "B->D1_2600.DsD1_2600->D.Pi_total_0r": 0.02111296255291432,
    "B->D1_2600.DsD1_2600->D.Pi_total_0i": 0.05249422992445981,
    "B->Z0.DZ0->Ds.Pi_total_0r": 0.022350751754224556,
    "B->Z0.DZ0->Ds.Pi_total_0i": 0.2109967867046963,
    "B->DPi_S.DsDPi_S->D.Pi_total_0r": 0.03294410580336597,
    "B->DPi_S.DsDPi_S->D.Pi_total_0i": 0.03354261739724481,
    "Z0_mass": 0.013550326782529118,
    "Z0_width": 0.026790287551907967
  },
  "status": {
    "success": true,
    "NLL": -5708.949803140256,
    "Ndf": 30
  }
}